{"_type":"export","__export_format":4,"__export_date":"2024-12-29T23:34:10.817Z","__export_source":"insomnia.desktop.app:v10.3.0","resources":[{"_id":"req_9e964d84cd934c369317c59380169364","parentId":"fld_db80eebb440e41ae8c5afde10202e564","modified":1735412907683,"created":1735364588378,"url":"http://localhost:8080/login","name":"Login de Usuario","description":"","method":"POST","body":{"mimeType":"application/json","text":"{\n\t\"login\": \"ricardo.perez\",\n\t\"clave\": \"123456\"\n}"},"parameters":[],"headers":[{"name":"Content-Type","value":"application/json"},{"name":"User-Agent","value":"insomnia/10.3.0"}],"authentication":{},"metaSortKey":-1735364593406,"isPrivate":false,"pathParameters":[],"settingStoreCookies":true,"settingSendCookies":true,"settingDisableRenderRequestBody":false,"settingEncodeUrl":true,"settingRebuildPath":true,"settingFollowRedirects":"global","_type":"request"},{"_id":"fld_db80eebb440e41ae8c5afde10202e564","parentId":"wrk_345c4a9796454552bd301b7c711d2265","modified":1735364571896,"created":1735364571896,"name":"Usuario","description":"","environment":{},"environmentPropertyOrder":null,"metaSortKey":-1735364571896,"environmentType":"kv","_type":"request_group"},{"_id":"wrk_345c4a9796454552bd301b7c711d2265","parentId":null,"modified":1735364501692,"created":1735364501692,"name":"Libreria","description":"","scope":"collection","_type":"workspace"},{"_id":"req_a6bc593f63ae42c5b59fcb2e3815e2a9","parentId":"fld_0fdd6bde297047b49e24ba4488edab2c","modified":1735445847159,"created":1735413082933,"url":"http://localhost:8080/topicos/1","name":"Obtener Topico Por Id","description":"","method":"GET","body":{},"parameters":[],"headers":[{"name":"User-Agent","value":"insomnia/10.3.0"}],"authentication":{"type":"bearer","token":"eyJhbGciOiJIUzI1NiIsInR5cCI6IkpXVCJ9.eyJpc3MiOiJmb3JvYXBpIiwic3ViIjoicmljYXJkby5wZXJleiIsImlkIjoxLCJleHAiOjE3MzU0NTE5NTB9.Wj4sEV_WvolHwUYOvXfWAmrqOCTYVCaeORSTHY7G9WE"},"metaSortKey":-1735413082933,"isPrivate":false,"pathParameters":[],"settingStoreCookies":true,"settingSendCookies":true,"settingDisableRenderRequestBody":false,"settingEncodeUrl":true,"settingRebuildPath":true,"settingFollowRedirects":"global","_type":"request"},{"_id":"fld_0fdd6bde297047b49e24ba4488edab2c","parentId":"wrk_345c4a9796454552bd301b7c711d2265","modified":1735364538037,"created":1735364538037,"name":"Topicos","description":"","environment":{},"environmentPropertyOrder":null,"metaSortKey":-1735364538037,"environmentType":"kv","_type":"request_group"},{"_id":"req_52b4065117c34018bba61d7eb3aaf5da","parentId":"fld_0fdd6bde297047b49e24ba4488edab2c","modified":1735445043891,"created":1735364814912,"url":"http://localhost:8080/topicos","name":"Obtener Topicos","description":"","method":"GET","body":{},"parameters":[],"headers":[{"name":"User-Agent","value":"insomnia/10.3.0"}],"authentication":{"type":"bearer","token":"eyJhbGciOiJIUzI1NiIsInR5cCI6IkpXVCJ9.eyJpc3MiOiJmb3JvYXBpIiwic3ViIjoicmljYXJkby5wZXJleiIsImlkIjoxLCJleHAiOjE3MzU0NTE5NTB9.Wj4sEV_WvolHwUYOvXfWAmrqOCTYVCaeORSTHY7G9WE"},"metaSortKey":-1735364793021,"isPrivate":false,"pathParameters":[],"settingStoreCookies":true,"settingSendCookies":true,"settingDisableRenderRequestBody":false,"settingEncodeUrl":true,"settingRebuildPath":true,"settingFollowRedirects":"global","_type":"request"},{"_id":"req_a53e27c7a64f4c19a6b560703dd49b61","parentId":"fld_0fdd6bde297047b49e24ba4488edab2c","modified":1735444810421,"created":1735364804196,"url":"http://localhost:8080/topicos","name":"Crear Topico","description":"","method":"POST","body":{"mimeType":"application/json","text":"{\n\t\"titulo\": \"Global Mentoring\",\n\t\"mensaje\": \"Programacion\",\n\t\"status\": \"PENDIENTE\",\n\t\"autor\": \"Ubaldo Acosta\",\n\t\"curso\": \"JAVA\"\n}"},"parameters":[],"headers":[{"name":"Content-Type","value":"application/json"},{"name":"User-Agent","value":"insomnia/10.3.0"}],"authentication":{"type":"bearer","token":"eyJhbGciOiJIUzI1NiIsInR5cCI6IkpXVCJ9.eyJpc3MiOiJmb3JvYXBpIiwic3ViIjoicmljYXJkby5wZXJleiIsImlkIjoxLCJleHAiOjE3MzU0NTE5NTB9.Wj4sEV_WvolHwUYOvXfWAmrqOCTYVCaeORSTHY7G9WE"},"metaSortKey":-1735364792921,"isPrivate":false,"pathParameters":[],"settingStoreCookies":true,"settingSendCookies":true,"settingDisableRenderRequestBody":false,"settingEncodeUrl":true,"settingRebuildPath":true,"settingFollowRedirects":"global","_type":"request"},{"_id":"req_10ffb40500b542b59d9587708d0d51a2","parentId":"fld_0fdd6bde297047b49e24ba4488edab2c","modified":1735445761405,"created":1735364792821,"url":"http://localhost:8080/topicos/1","name":"Actualizar Topico","description":"","method":"PUT","body":{"mimeType":"application/json","text":"{\n\t\"titulo\": \"Global Mentoring2\",\n\t\"mensaje\": \"Programacion2\",\n\t\"status\": \"PENDIENTE\",\n\t\"autor\": \"Ubaldo Acosta\",\n\t\"curso\": \"PYTHON\"\n}"},"parameters":[],"headers":[{"name":"Content-Type","value":"application/json"},{"name":"User-Agent","value":"insomnia/10.3.0"}],"authentication":{"type":"bearer","token":"eyJhbGciOiJIUzI1NiIsInR5cCI6IkpXVCJ9.eyJpc3MiOiJmb3JvYXBpIiwic3ViIjoicmljYXJkby5wZXJleiIsImlkIjoxLCJleHAiOjE3MzU0NTE5NTB9.Wj4sEV_WvolHwUYOvXfWAmrqOCTYVCaeORSTHY7G9WE"},"metaSortKey":-1735364792821,"isPrivate":false,"pathParameters":[],"settingStoreCookies":true,"settingSendCookies":true,"settingDisableRenderRequestBody":false,"settingEncodeUrl":true,"settingRebuildPath":true,"settingFollowRedirects":"global","_type":"request"},{"_id":"req_0874654552824e7c9f1846ebc8ef8f6c","parentId":"fld_0fdd6bde297047b49e24ba4488edab2c","modified":1735445899166,"created":1735364785772,"url":"http://localhost:8080/topicos/1","name":"Eliminar Topico","description":"","method":"DELETE","body":{},"parameters":[],"headers":[{"name":"User-Agent","value":"insomnia/10.3.0"}],"authentication":{"type":"bearer","token":"eyJhbGciOiJIUzI1NiIsInR5cCI6IkpXVCJ9.eyJpc3MiOiJmb3JvYXBpIiwic3ViIjoicmljYXJkby5wZXJleiIsImlkIjoxLCJleHAiOjE3MzU0NTE5NTB9.Wj4sEV_WvolHwUYOvXfWAmrqOCTYVCaeORSTHY7G9WE"},"metaSortKey":-1735364785772,"isPrivate":false,"pathParameters":[],"settingStoreCookies":true,"settingSendCookies":true,"settingDisableRenderRequestBody":false,"settingEncodeUrl":true,"settingRebuildPath":true,"settingFollowRedirects":"global","_type":"request"},{"_id":"env_923901ee153a0f66198a7f010624a7c4ccfc8d9c","parentId":"wrk_345c4a9796454552bd301b7c711d2265","modified":1735364501695,"created":1735364501695,"name":"Base Environment","data":{},"dataPropertyOrder":null,"color":null,"isPrivate":false,"metaSortKey":1735364501695,"environmentType":"kv","_type":"environment"},{"_id":"jar_923901ee153a0f66198a7f010624a7c4ccfc8d9c","parentId":"wrk_345c4a9796454552bd301b7c711d2265","modified":1735364501697,"created":1735364501697,"name":"Default Jar","cookies":[],"_type":"cookie_jar"}]}