{"_type":"export","__export_format":4,"__export_date":"2025-01-11T23:08:05.498Z","__export_source":"insomnia.desktop.app:v10.3.0","resources":[{"_id":"req_b9f4dc4b4d4d4e2a99944e0fbd14310a","parentId":"fld_411009427e4744a7a2fbfab014959a72","modified":1736630496593,"created":1736628712453,"url":"http://localhost:8080/usuarios/2","name":"Eliminar Usuario","description":"","method":"DELETE","body":{},"parameters":[],"headers":[{"name":"User-Agent","value":"insomnia/10.3.0"}],"authentication":{},"metaSortKey":-1736628712453,"isPrivate":false,"pathParameters":[],"settingStoreCookies":true,"settingSendCookies":true,"settingDisableRenderRequestBody":false,"settingEncodeUrl":true,"settingRebuildPath":true,"settingFollowRedirects":"global","_type":"request"},{"_id":"fld_411009427e4744a7a2fbfab014959a72","parentId":"wrk_fe5c9857bf154375b86aec7551bc0495","modified":1736631154187,"created":1735364571896,"name":"Usuarios","description":"","environment":{},"environmentPropertyOrder":null,"metaSortKey":-1735364571896,"environmentType":"kv","_type":"request_group"},{"_id":"wrk_fe5c9857bf154375b86aec7551bc0495","parentId":null,"modified":1736631127329,"created":1735515432152,"name":"ForoApi","description":"","scope":"collection","_type":"workspace"},{"_id":"req_6b257c9de1e1479e9a5bfd88d98532fa","parentId":"fld_411009427e4744a7a2fbfab014959a72","modified":1736630362258,"created":1736628705945,"url":"http://localhost:8080/usuarios/1","name":"Actualizar Usuario","description":"","method":"PUT","body":{"mimeType":"application/json","text":"{\n\t\"login\": \"ricardo.perez1\",\n\t\"clave\": \"$2a$10$RTQMXcIN4jtxECpoOd8GWehrB5PI/PNukqsHJu93rJORMyIkKgXOi\"\n}"},"parameters":[],"headers":[{"name":"Content-Type","value":"application/json"},{"name":"User-Agent","value":"insomnia/10.3.0"}],"authentication":{},"metaSortKey":-1736628705945,"isPrivate":false,"pathParameters":[],"settingStoreCookies":true,"settingSendCookies":true,"settingDisableRenderRequestBody":false,"settingEncodeUrl":true,"settingRebuildPath":true,"settingFollowRedirects":"global","_type":"request"},{"_id":"req_d40a56a9006b4136a4d8512de8198b72","parentId":"fld_411009427e4744a7a2fbfab014959a72","modified":1736628788226,"created":1736627944709,"url":"http://localhost:8080/usuarios/1","name":"Obtener Usuario Por Id","description":"","method":"GET","body":{},"parameters":[],"headers":[{"name":"User-Agent","value":"insomnia/10.3.0"}],"authentication":{},"metaSortKey":-1736627944709,"isPrivate":false,"pathParameters":[],"settingStoreCookies":true,"settingSendCookies":true,"settingDisableRenderRequestBody":false,"settingEncodeUrl":true,"settingRebuildPath":true,"settingFollowRedirects":"global","_type":"request"},{"_id":"req_350ab457bc9a430dacc2d59c53e70496","parentId":"fld_411009427e4744a7a2fbfab014959a72","modified":1736631185598,"created":1736532662945,"url":"http://localhost:8080/usuarios","name":"Obtener Usuarios","description":"","method":"GET","body":{},"parameters":[],"headers":[{"name":"User-Agent","value":"insomnia/10.3.0"}],"authentication":{},"metaSortKey":-1736532662945,"isPrivate":false,"pathParameters":[],"settingStoreCookies":true,"settingSendCookies":true,"settingDisableRenderRequestBody":false,"settingEncodeUrl":true,"settingRebuildPath":true,"settingFollowRedirects":"global","_type":"request"},{"_id":"req_413eda0f47a8416eb5b1a1699bc1ef89","parentId":"fld_411009427e4744a7a2fbfab014959a72","modified":1736620184933,"created":1735364588378,"url":"http://localhost:8080/login","name":"Login de Usuario","description":"","method":"POST","body":{"mimeType":"application/json","text":"{\n\t\"login\": \"ricardo.andres\",\n\t\"clave\": \"123456\"\n}"},"parameters":[],"headers":[{"name":"Content-Type","value":"application/json"},{"name":"User-Agent","value":"insomnia/10.3.0"}],"authentication":{},"metaSortKey":-1735364593406,"isPrivate":false,"pathParameters":[],"settingStoreCookies":true,"settingSendCookies":true,"settingDisableRenderRequestBody":false,"settingEncodeUrl":true,"settingRebuildPath":true,"settingFollowRedirects":"global","_type":"request"},{"_id":"req_1d0339708286474687a3b9c76ea28841","parentId":"fld_411009427e4744a7a2fbfab014959a72","modified":1736630658888,"created":1736528757237,"url":"http://localhost:8080/usuarios","name":"Crear Usuario","description":"","method":"POST","body":{"mimeType":"application/json","text":"{\n\t\"login\": \"harry.potter\",\n\t\"clave\": \"123456\"\n}"},"parameters":[],"headers":[{"name":"Content-Type","value":"application/json"},{"name":"User-Agent","value":"insomnia/10.3.0"}],"authentication":{},"metaSortKey":-1735189361756.5,"isPrivate":false,"pathParameters":[],"settingStoreCookies":true,"settingSendCookies":true,"settingDisableRenderRequestBody":false,"settingEncodeUrl":true,"settingRebuildPath":true,"settingFollowRedirects":"global","_type":"request"},{"_id":"req_2a4e6a93722a4e7bbdd7a96892fbb0d2","parentId":"fld_180dee5b17ca4c64ba188add49000723","modified":1735926330304,"created":1735413082933,"url":"http://localhost:8080/topicos/2","name":"Obtener Topico Por Id","description":"","method":"GET","body":{},"parameters":[],"headers":[{"name":"User-Agent","value":"insomnia/10.3.0"}],"authentication":{"type":"bearer","token":"eyJhbGciOiJIUzI1NiIsInR5cCI6IkpXVCJ9.eyJpc3MiOiJmb3JvYXBpIiwic3ViIjoicmljYXJkby5wZXJleiIsImlkIjoxLCJleHAiOjE3MzU5MzAwNTZ9.HCaysxgWl0n_MDlnoams_mnmiVNhAbh1zVwWraSPH5A"},"metaSortKey":-1735413082933,"isPrivate":false,"pathParameters":[],"settingStoreCookies":true,"settingSendCookies":true,"settingDisableRenderRequestBody":false,"settingEncodeUrl":true,"settingRebuildPath":true,"settingFollowRedirects":"global","_type":"request"},{"_id":"fld_180dee5b17ca4c64ba188add49000723","parentId":"wrk_fe5c9857bf154375b86aec7551bc0495","modified":1735364538037,"created":1735364538037,"name":"Topicos","description":"","environment":{},"environmentPropertyOrder":null,"metaSortKey":-1735364538037,"environmentType":"kv","_type":"request_group"},{"_id":"req_1b4a7d00f4b04148b38fb0972cd98e3d","parentId":"fld_180dee5b17ca4c64ba188add49000723","modified":1736463679592,"created":1735364814912,"url":"http://localhost:8080/topicos","name":"Obtener Topicos","description":"","method":"GET","body":{},"parameters":[],"headers":[{"name":"User-Agent","value":"insomnia/10.3.0"}],"authentication":{"type":"bearer","token":"eyJhbGciOiJIUzI1NiIsInR5cCI6IkpXVCJ9.eyJpc3MiOiJmb3JvYXBpIiwic3ViIjoicmljYXJkby5wZXJleiIsImlkIjoxLCJleHAiOjE3MzY0NzA4MTJ9.UUJFzd2HCF638EZEbWxZsQrgOzR-mrsULPpeMnz34lI"},"metaSortKey":-1735364793021,"isPrivate":false,"pathParameters":[],"settingStoreCookies":true,"settingSendCookies":true,"settingDisableRenderRequestBody":false,"settingEncodeUrl":true,"settingRebuildPath":true,"settingFollowRedirects":"global","_type":"request"},{"_id":"req_95ea635d0be340a7aeb11c85acc64595","parentId":"fld_180dee5b17ca4c64ba188add49000723","modified":1735444810421,"created":1735364804196,"url":"http://localhost:8080/topicos","name":"Crear Topico","description":"","method":"POST","body":{"mimeType":"application/json","text":"{\n\t\"titulo\": \"Global Mentoring\",\n\t\"mensaje\": \"Programacion\",\n\t\"status\": \"PENDIENTE\",\n\t\"autor\": \"Ubaldo Acosta\",\n\t\"curso\": \"JAVA\"\n}"},"parameters":[],"headers":[{"name":"Content-Type","value":"application/json"},{"name":"User-Agent","value":"insomnia/10.3.0"}],"authentication":{"type":"bearer","token":"eyJhbGciOiJIUzI1NiIsInR5cCI6IkpXVCJ9.eyJpc3MiOiJmb3JvYXBpIiwic3ViIjoicmljYXJkby5wZXJleiIsImlkIjoxLCJleHAiOjE3MzU0NTE5NTB9.Wj4sEV_WvolHwUYOvXfWAmrqOCTYVCaeORSTHY7G9WE"},"metaSortKey":-1735364792921,"isPrivate":false,"pathParameters":[],"settingStoreCookies":true,"settingSendCookies":true,"settingDisableRenderRequestBody":false,"settingEncodeUrl":true,"settingRebuildPath":true,"settingFollowRedirects":"global","_type":"request"},{"_id":"req_a07e4fb62b5145128c1482842394ec01","parentId":"fld_180dee5b17ca4c64ba188add49000723","modified":1735445761405,"created":1735364792821,"url":"http://localhost:8080/topicos/1","name":"Actualizar Topico","description":"","method":"PUT","body":{"mimeType":"application/json","text":"{\n\t\"titulo\": \"Global Mentoring2\",\n\t\"mensaje\": \"Programacion2\",\n\t\"status\": \"PENDIENTE\",\n\t\"autor\": \"Ubaldo Acosta\",\n\t\"curso\": \"PYTHON\"\n}"},"parameters":[],"headers":[{"name":"Content-Type","value":"application/json"},{"name":"User-Agent","value":"insomnia/10.3.0"}],"authentication":{"type":"bearer","token":"eyJhbGciOiJIUzI1NiIsInR5cCI6IkpXVCJ9.eyJpc3MiOiJmb3JvYXBpIiwic3ViIjoicmljYXJkby5wZXJleiIsImlkIjoxLCJleHAiOjE3MzU0NTE5NTB9.Wj4sEV_WvolHwUYOvXfWAmrqOCTYVCaeORSTHY7G9WE"},"metaSortKey":-1735364792821,"isPrivate":false,"pathParameters":[],"settingStoreCookies":true,"settingSendCookies":true,"settingDisableRenderRequestBody":false,"settingEncodeUrl":true,"settingRebuildPath":true,"settingFollowRedirects":"global","_type":"request"},{"_id":"req_127863b0e5474e49bfa8ee7440a728ed","parentId":"fld_180dee5b17ca4c64ba188add49000723","modified":1735445899166,"created":1735364785772,"url":"http://localhost:8080/topicos/1","name":"Eliminar Topico","description":"","method":"DELETE","body":{},"parameters":[],"headers":[{"name":"User-Agent","value":"insomnia/10.3.0"}],"authentication":{"type":"bearer","token":"eyJhbGciOiJIUzI1NiIsInR5cCI6IkpXVCJ9.eyJpc3MiOiJmb3JvYXBpIiwic3ViIjoicmljYXJkby5wZXJleiIsImlkIjoxLCJleHAiOjE3MzU0NTE5NTB9.Wj4sEV_WvolHwUYOvXfWAmrqOCTYVCaeORSTHY7G9WE"},"metaSortKey":-1735364785772,"isPrivate":false,"pathParameters":[],"settingStoreCookies":true,"settingSendCookies":true,"settingDisableRenderRequestBody":false,"settingEncodeUrl":true,"settingRebuildPath":true,"settingFollowRedirects":"global","_type":"request"},{"_id":"env_0040fe7242f74b99b664a92fef1ea279","parentId":"wrk_fe5c9857bf154375b86aec7551bc0495","modified":1735364501695,"created":1735364501695,"name":"Base Environment","data":{},"dataPropertyOrder":null,"color":null,"isPrivate":false,"metaSortKey":1735364501695,"environmentType":"kv","_type":"environment"},{"_id":"jar_4ab64dc86a2e4354954504b45d2bf09a","parentId":"wrk_fe5c9857bf154375b86aec7551bc0495","modified":1735364501697,"created":1735364501697,"name":"Default Jar","cookies":[],"_type":"cookie_jar"}]}